MinStep,CellMinStep,AtomMinStep,FinalStep,Energy,EDiff
1,460,460,460,1575.7868567958862513,48424.2131432041
2,10474,10474,10474,1566.3032589235049272,9.48359787238996
3,19440,19440,19440,1564.7535277461645364,1.54973117733994
4,22758,22758,22758,1562.277580816402633,2.47594692976008
5,25564,25564,25564,1560.9260562822566953,1.3515245341398
6,28199,28199,28199,1560.0758696737148057,0.850186608550075
7,30928,30928,30928,1559.7142986887861298,0.361570984920036
8,33426,33426,33426,1559.5359961224644394,0.178302566330103
9,35505,35505,35505,1559.3951239765920036,0.140872145869935
10,37778,37778,37778,1559.1617400295381231,0.233383947050015
11,40219,40219,40219,1558.9323750766964167,0.229364952839887
12,42710,42710,42710,1558.7914058695564563,0.14096920713996
13,44840,44840,44840,1558.7914058694352661,1.20053300634027e-10
