pressure (bar),fugacity (bar),⟨N⟩ (mmol/g)
0.01,0.01,1.759667418641345
0.014077091909894845,0.014077091909894845,2.109122962672508
0.01981645166396269,0.01981645166396269,2.3764397312778898
0.027895801140159153,0.02789580114015915,2.679814443718461
0.039269175655016975,0.039269175655016975,2.888810778802892
0.05527957949214791,0.05527957949214791,3.042640719245384
0.07781757212513042,0.07781757212513042,3.2099784657468087
0.10954451150103323,0.10954451150103323,3.355569520893185
0.15420681566245775,0.15420681566245775,3.4760982191716923
0.21707835172126297,0.21707835172126294,3.6363612483363252
0.30558319088286995,0.30558319088286995,3.7422476506766507
0.43017226641771,0.43017226641771,3.853599094964096
0.6055574531449877,0.6055574531449877,3.9831080004934147
0.8524487924643832,0.8524487924643831,4.083145124047605
1.2,1.2,4.24386488282587
