pressure (bar),fugacity (bar),⟨N⟩ (mmol/g)
0.01,0.01,2.5803795129517635
0.014077091909894845,0.014077091909894845,2.714316081062957
0.01981645166396269,0.01981645166396269,2.8300369932452547
0.027895801140159153,0.02789580114015915,2.933011865056292
0.039269175655016975,0.039269175655016975,3.013952139048603
0.05527957949214791,0.05527957949214791,3.0935789478205096
0.07781757212513042,0.07781757212513042,3.180648449882478
0.10954451150103323,0.10954451150103323,3.2745185477056786
0.15420681566245775,0.15420681566245775,3.3711217206254913
0.21707835172126297,0.21707835172126294,3.496983508172382
0.30558319088286995,0.30558319088286995,3.66115576506521
0.43017226641771,0.43017226641771,3.7489501220555916
0.6055574531449877,0.6055574531449877,3.886767859177546
0.8524487924643832,0.8524487924643831,3.9991458049637383
1.2,1.2,4.09315784721322
