pressure (bar),fugacity (bar),⟨N⟩ (mmol/g)
0.01,0.01,2.6559603888623666
0.014077091909894845,0.014077091909894845,2.738294275737559
0.01981645166396269,0.01981645166396269,2.821021768413828
0.027895801140159153,0.02789580114015915,2.8683791650820982
0.039269175655016975,0.039269175655016975,2.8957667043516104
0.05527957949214791,0.05527957949214791,2.927850326228387
0.07781757212513042,0.07781757212513042,2.947115288402753
0.10954451150103323,0.10954451150103323,2.958021876135218
0.15420681566245775,0.15420681566245775,2.9673209602686215
0.21707835172126297,0.21707835172126294,2.973516481448744
0.30558319088286995,0.30558319088286995,2.978433904197345
0.43017226641771,0.43017226641771,2.9853393732783404
0.6055574531449877,0.6055574531449877,2.985549551669496
0.8524487924643832,0.8524487924643831,2.996831878391416
1.2,1.2,2.99476685521584
