pressure (bar),fugacity (bar),⟨N⟩ (mmol/g)
0.01,0.01,2.3870297683952826
0.014077091909894845,0.014077091909894845,2.66728340663834
0.01981645166396269,0.01981645166396269,2.9234918090460837
0.027895801140159153,0.02789580114015915,3.0935230947531647
0.039269175655016975,0.039269175655016975,3.2587246028786874
0.05527957949214791,0.05527957949214791,3.4133150978092885
0.07781757212513042,0.07781757212513042,3.5668218348706477
0.10954451150103323,0.10954451150103323,3.6902568341906457
0.15420681566245775,0.15420681566245775,3.8320812470154904
0.21707835172126297,0.21707835172126294,3.9975398095600005
0.30558319088286995,0.30558319088286995,4.120639652717063
0.43017226641771,0.43017226641771,4.215011296768377
0.6055574531449877,0.6055574531449877,4.340513922134583
0.8524487924643832,0.8524487924643831,4.4452218206923515
1.2,1.2,4.537570073541819
