pressure (bar),fugacity (bar),⟨N⟩ (mmol/g)
0.01,0.01,2.535822404427041
0.014077091909894845,0.014077091909894845,2.7546335302591745
0.01981645166396269,0.01981645166396269,2.891839776435985
0.027895801140159153,0.02789580114015915,3.0095849666063157
0.039269175655016975,0.039269175655016975,3.0859756188438667
0.05527957949214791,0.05527957949214791,3.153525132376582
0.07781757212513042,0.07781757212513042,3.1974534163709274
0.10954451150103323,0.10954451150103323,3.2280911662980505
0.15420681566245775,0.15420681566245775,3.2520104223371638
0.21707835172126297,0.21707835172126294,3.2707957730583486
0.30558319088286995,0.30558319088286995,3.2826007923225986
0.43017226641771,0.43017226641771,3.287274444304893
0.6055574531449877,0.6055574531449877,3.2990855869333027
0.8524487924643832,0.8524487924643831,3.3062050646944687
1.2,1.2,3.320785167117538
