MinStep,CellMinStep,AtomMinStep,FinalStep,Energy,EDiff
1,333,333,333,1695.2153176622816773,48304.7846823377
2,3580,3580,3580,1695.1206018537911859,0.0947158084900366
3,5287,5287,5287,1695.0209071417389168,0.0996947120499954
4,7100,7100,7100,1695.0209071415858944,1.50066625792533e-10
