MinStep,CellMinStep,AtomMinStep,FinalStep,Energy,EDiff
1,284,284,284,1616.6686199679272704,48383.3313800321
2,4043,4043,4043,1615.7878231108538785,0.880796857079986
3,7687,7687,7687,1615.0725985042317916,0.715224606620041
4,12300,12300,12300,1614.7680799250688324,0.304518579160003
5,16597,16597,16597,1614.6032549977333019,0.164824927340078
6,21040,21040,21040,1614.4424508446304571,0.160804153099889
7,25774,25774,25774,1614.4424508443767081,2.50111042987555e-10
