MinStep,CellMinStep,AtomMinStep,FinalStep,Energy,EDiff
1,654,654,654,1960.8030518317095812,48039.1969481683
2,10665,10665,10665,1959.5674114421044578,1.23564038961013
3,17541,17541,17541,1959.152023408184732,0.415388033919953
4,21905,21905,21905,1958.8974877469322564,0.254535661249975
5,25695,25695,25695,1958.8002225075838396,0.0972652393500084
6,28954,28954,28954,1958.704591006727469,0.0956315008500042
7,32000,32000,32000,1958.6529602124246594,0.0516307943098582
8,34760,34760,34760,1958.6529602122811866,1.40062184073031e-10
