MinStep,CellMinStep,AtomMinStep,FinalStep,Energy,EDiff
1,253,253,253,1602.4348060074098612,48397.5651939926
2,9003,9003,9003,1602.4348060073025408,1.10048858914524e-10
