MinStep,CellMinStep,AtomMinStep,FinalStep,Energy,EDiff
1,448,448,448,1690.7110614432865532,48309.2889385567
2,6243,6243,6243,1688.1888177308194372,2.52224371247007
3,9813,9813,9813,1687.7989736023785099,0.38984412843979
4,12945,12945,12945,1687.6622192546763017,0.136754347700162
5,15426,15426,15426,1687.5560869381197335,0.106132316559979
6,17715,17715,17715,1687.4765152255556586,0.0795717125599822
7,20166,20166,20166,1687.4765152253255565,2.29874785873108e-10
