MinStep,CellMinStep,AtomMinStep,FinalStep,Energy,EDiff,vol,lx,ly,lz,xy,xz,yz
1,0,0,0,1852.694441508170712,48147.3055584918,1609.0818662290200791,12.505599999999999383,12.523400000000000531,10.27427899999999994,0,-0.22759399999999999076,0
2,280,280,280,1850.6999746497656361,1.99446685840007,1609.0818662290200791,12.505599999999999383,12.523400000000000531,10.27427899999999994,0,-0.22759399999999999076,0
3,314,314,314,1850.6450027071268778,0.0549719426398951,1609.0818662290200791,12.505599999999999383,12.523400000000000531,10.27427899999999994,0,-0.22759399999999999076,0
4,320,320,320,1850.6383560294382278,0.00664667769001426,1609.0818662290200791,12.505599999999999383,12.523400000000000531,10.27427899999999994,0,-0.22759399999999999076,0
5,322,322,322,1850.6350162261790047,0.00333980326013261,1609.0818662290200791,12.505599999999999383,12.523400000000000531,10.27427899999999994,0,-0.22759399999999999076,0
6,324,324,324,1850.635016226179232,0,1609.0818662290200791,12.505599999999999383,12.523400000000000531,10.27427899999999994,0,-0.22759399999999999076,0
