MinStep,CellMinStep,AtomMinStep,FinalStep,Energy,EDiff
1,711,711,711,1849.2717588544635419,48150.7282411455
2,4262,4262,4262,1849.2073407079051321,0.0644181465499969
3,6292,6292,6292,1849.1114708854418041,0.0958698224699219
4,8341,8341,8341,1849.1114708852974218,1.40062184073031e-10
