MinStep,CellMinStep,AtomMinStep,FinalStep,Energy,EDiff
1,759,759,759,2061.8965928026741494,47938.1034071973
2,4789,4789,4789,2061.2554958463229013,0.641096956349884
3,8275,8275,8275,2060.8351957351860619,0.420300111130018
4,11631,11631,11631,2060.3902557777405491,0.44493995745006
5,14961,14961,14961,2060.1959488900970427,0.194306887639868
6,18260,18260,18260,2059.836636873471889,0.359312016630156
7,22336,22336,22336,2059.6526284265405593,0.184008446929965
8,25584,25584,25584,2059.6526284264009519,1.40062184073031e-10
