MinStep,CellMinStep,AtomMinStep,FinalStep,Energy,EDiff
1,596,596,596,1939.7414989127657918,48060.2585010872
2,7782,7782,7782,1920.2697364293273949,19.4717624834402
3,12736,12736,12736,1919.7825509985184453,0.487185430809859
4,15022,15022,15022,1919.4759276282027258,0.30662337032004
5,17381,17381,17381,1919.2768483474783352,0.199079280720071
6,19774,19774,19774,1918.9600503606420716,0.316797986839902
7,22355,22355,22355,1918.9034389179550999,0.0566114426799231
8,24365,24365,24365,1918.7596834637065513,0.14375545425014
9,26332,26332,26332,1918.7596834635482992,1.60071067512035e-10
