MinStep,CellMinStep,AtomMinStep,FinalStep,Energy,EDiff
1,0,0,0,2295.8254103629597012,47704.174589637
2,293,293,293,2294.7661012572370964,1.05930910572033
3,315,315,315,2294.6994777776881165,0.0666234795498895
4,324,324,324,2294.6956112119037243,0.00386656578984912
5,326,326,326,2294.6956112119037243,0
