MinStep,CellMinStep,AtomMinStep,FinalStep,Energy,EDiff,vol,lx,ly,lz,xy,xz,yz
1,0,0,0,2227.6040954827681162,47772.3959045172,1609.0818662290200791,12.505599999999999383,12.523400000000000531,10.27427899999999994,0,-0.22759399999999999076,0
2,435,435,435,2225.4629454260898456,2.14115005668009,1609.0818662290200791,12.505599999999999383,12.523400000000000531,10.27427899999999994,0,-0.22759399999999999076,0
3,458,458,458,2225.3993820842638343,0.0635633418296493,1609.0818662290200791,12.505599999999999383,12.523400000000000531,10.27427899999999994,0,-0.22759399999999999076,0
4,463,463,463,2225.3867836544504826,0.0125984298101685,1609.0818662290200791,12.505599999999999383,12.523400000000000531,10.27427899999999994,0,-0.22759399999999999076,0
5,465,465,465,2225.3803569672122649,0.0064266872400367,1609.0818662290200791,12.505599999999999383,12.523400000000000531,10.27427899999999994,0,-0.22759399999999999076,0
6,467,467,467,2225.3761897857461918,0.00416718146016137,1609.0818662290200791,12.505599999999999383,12.523400000000000531,10.27427899999999994,0,-0.22759399999999999076,0
7,469,469,469,2225.3761897857466465,0,1609.0818662290200791,12.505599999999999383,12.523400000000000531,10.27427899999999994,0,-0.22759399999999999076,0
