pressure (bar),fugacity (bar),⟨N⟩ (mmol/g)
0.01,0.01,0.03724121446852897
0.013989872717785885,0.013989872717785887,0.05350584638328321
0.019571653865984973,0.019571653865984973,0.07284050391815926
0.02738049464616918,0.027380494646169175,0.10169154023269919
0.03830496350499245,0.03830496350499245,0.14114381436418885
0.05358815638942778,0.05358815638942778,0.19687304585293386
0.07496914870688991,0.07496914870688991,0.2708030901920078
0.10488088481701517,0.10488088481701517,0.3687061101153707
0.1467270229118804,0.1467270229118804,0.4940019522442792
0.20526923747968592,0.2052692374796859,0.661455647656157
0.28716905052177694,0.28716905052177694,0.8820011938120148
0.40174584652870826,0.40174584652870826,1.0991630239359156
0.562037325783577,0.562037325783577,1.3842449281628564
0.7862830650357,0.7862830650357,1.6957822179572157
1.1,1.1,1.9854314796606256
