pressure (bar),fugacity (bar),⟨N⟩ (mmol/g)
0.01,0.01,1.3123239216390696
0.013989872717785885,0.013989872717785887,1.6362212115229466
0.019571653865984973,0.019571653865984973,1.8587845188245764
0.02738049464616918,0.027380494646169175,2.1225028607729186
0.03830496350499245,0.03830496350499245,2.3400032382975127
0.05358815638942778,0.05358815638942778,2.517313761066218
0.07496914870688991,0.07496914870688991,2.653568113453997
0.10488088481701517,0.10488088481701517,2.7392417149420893
0.1467270229118804,0.1467270229118804,2.807254976128437
0.20526923747968592,0.2052692374796859,2.873613632167921
0.28716905052177694,0.28716905052177694,2.9071518024858967
0.40174584652870826,0.40174584652870826,2.9328028471037095
0.562037325783577,0.562037325783577,2.9519726505217387
0.7862830650357,0.7862830650357,2.9688560784565343
1.1,1.1,2.986929225861135
0.0,0.0,0.0
