pressure (bar),fugacity (bar),⟨N⟩ (mmol/g)
0.01,0.01,1.0149200932627866
0.013989872717785885,0.013989872717785887,1.3017325732545768
0.019571653865984973,0.019571653865984973,1.583677801118561
0.02738049464616918,0.027380494646169175,1.8412795838648666
0.03830496350499245,0.03830496350499245,2.1106512597612834
0.05358815638942778,0.05358815638942778,2.323113999894912
0.07496914870688991,0.07496914870688991,2.4729564636648615
0.10488088481701517,0.10488088481701517,2.6259802240934333
0.1467270229118804,0.1467270229118804,2.727192214373555
0.20526923747968592,0.2052692374796859,2.791877301064423
0.28716905052177694,0.28716905052177694,2.843341946626618
0.40174584652870826,0.40174584652870826,2.8831831467674345
0.562037325783577,0.562037325783577,2.913589710190898
0.7862830650357,0.7862830650357,2.94144039709025
1.1,1.1,2.9578719364212067
