pressure (bar),fugacity (bar),⟨N⟩ (mmol/g)
0.01,0.01,0.6856946002691248
0.013989872717785885,0.013989872717785887,0.9105208527504632
0.019571653865984973,0.019571653865984973,1.1717009241651442
0.02738049464616918,0.027380494646169175,1.4847176194667444
0.03830496350499245,0.03830496350499245,1.788803751017354
0.05358815638942778,0.05358815638942778,2.0686847234686425
0.07496914870688991,0.07496914870688991,2.353637615289017
0.10488088481701517,0.10488088481701517,2.5811428383302357
0.1467270229118804,0.1467270229118804,2.76859402117927
0.20526923747968592,0.2052692374796859,2.924403369133715
0.28716905052177694,0.28716905052177694,3.0200281717260506
0.40174584652870826,0.40174584652870826,3.110943155520631
0.562037325783577,0.562037325783577,3.162551467873332
0.7862830650357,0.7862830650357,3.2183674453600664
1.1,1.1,3.2506493995856607
