pressure (bar),fugacity (bar),⟨N⟩ (mmol/g)
0.01,0.01,0.0404551469664242
0.013989872717785885,0.013989872717785887,0.05685455172566981
0.019571653865984973,0.019571653865984973,0.07725440628241313
0.02738049464616918,0.027380494646169175,0.10721671329674125
0.03830496350499245,0.03830496350499245,0.14918400130715653
0.05358815638942778,0.05358815638942778,0.20478291389229877
0.07496914870688991,0.07496914870688991,0.28853571100482894
0.10488088481701517,0.10488088481701517,0.392447000922578
0.1467270229118804,0.1467270229118804,0.525453591935697
0.20526923747968592,0.2052692374796859,0.700278741765793
0.28716905052177694,0.28716905052177694,0.9154791204432101
0.40174584652870826,0.40174584652870826,1.184672036859498
0.562037325783577,0.562037325783577,1.4900747868636535
0.7862830650357,0.7862830650357,1.8334065846797454
1.1,1.1,2.156326871610941
