pressure (bar),fugacity (bar),⟨N⟩ (mmol/g)
0.01,0.01,0.6036910641757924
0.013989872717785885,0.013989872717785887,0.7753447818538669
0.019571653865984973,0.019571653865984973,1.0356357975372692
0.02738049464616918,0.027380494646169175,1.3123914021349472
0.03830496350499245,0.03830496350499245,1.6652217698225056
0.05358815638942778,0.05358815638942778,1.9888851879676248
0.07496914870688991,0.07496914870688991,2.3061962317235007
0.10488088481701517,0.10488088481701517,2.5595368161223826
0.1467270229118804,0.1467270229118804,2.8174107336210414
0.20526923747968592,0.2052692374796859,3.0361940174497946
0.28716905052177694,0.28716905052177694,3.217887596387066
0.40174584652870826,0.40174584652870826,3.4076419357062258
0.562037325783577,0.562037325783577,3.547753934395667
0.7862830650357,0.7862830650357,3.7102813312211698
1.1,1.1,3.8712737313494205
