pressure (bar),fugacity (bar),⟨N⟩ (mmol/g)
0.01,0.01,0.03952633683509008
0.013989872717785885,0.013989872717785887,0.055057714969621675
0.019571653865984973,0.019571653865984973,0.07226964517946172
0.02738049464616918,0.027380494646169175,0.10610841390898464
0.03830496350499245,0.03830496350499245,0.14714175618702371
0.05358815638942778,0.05358815638942778,0.19896598669192544
0.07496914870688991,0.07496914870688991,0.28012535727531723
0.10488088481701517,0.10488088481701517,0.38384028025733485
0.1467270229118804,0.1467270229118804,0.5141828330612134
0.20526923747968592,0.2052692374796859,0.6862542999129302
0.28716905052177694,0.28716905052177694,0.8871025649335372
0.40174584652870826,0.40174584652870826,1.145569421538897
0.562037325783577,0.562037325783577,1.4100152249492621
0.7862830650357,0.7862830650357,1.7298480566606
1.1,1.1,2.0034089201982823
0.0,0.0,0.0
