pressure (bar),fugacity (bar),⟨N⟩ (mmol/g)
0.01,0.01,0.6010913922743547
0.013989872717785885,0.013989872717785887,0.811907504814601
0.019571653865984973,0.019571653865984973,1.0547404125576272
0.02738049464616918,0.027380494646169175,1.3351114989287765
0.03830496350499245,0.03830496350499245,1.6619298057354628
0.05358815638942778,0.05358815638942778,1.9862468908219018
0.07496914870688991,0.07496914870688991,2.294819533767208
0.10488088481701517,0.10488088481701517,2.56855160012532
0.1467270229118804,0.1467270229118804,2.8205910459891492
0.20526923747968592,0.2052692374796859,3.0297788107753947
0.28716905052177694,0.28716905052177694,3.231699543637637
0.40174584652870826,0.40174584652870826,3.3626706492743517
0.562037325783577,0.562037325783577,3.5416708660581753
0.7862830650357,0.7862830650357,3.688579867269749
1.1,1.1,3.8435631212776777
