pressure (bar),fugacity (bar),⟨N⟩ (mmol/g)
0.01,0.01,0.05071717566200911
0.013989872717785885,0.013989872717785887,0.07016595649740949
0.019571653865984973,0.019571653865984973,0.09702188897150614
0.02738049464616918,0.027380494646169175,0.13381710765218405
0.03830496350499245,0.03830496350499245,0.1880064297091825
0.05358815638942778,0.05358815638942778,0.25611721525294484
0.07496914870688991,0.07496914870688991,0.3572500184495744
0.10488088481701517,0.10488088481701517,0.45981732644224665
0.1467270229118804,0.1467270229118804,0.6255411467057372
0.20526923747968592,0.2052692374796859,0.8220742713038556
0.28716905052177694,0.28716905052177694,1.0454230771035156
0.40174584652870826,0.40174584652870826,1.3041274748309482
0.562037325783577,0.562037325783577,1.5779230968953497
0.7862830650357,0.7862830650357,1.843289631103271
1.1,1.1,2.077640899173374
