pressure (bar),fugacity (bar),⟨N⟩ (mmol/g)
0.01,0.01,0.6863132925248033
0.013989872717785885,0.013989872717785887,0.9348608776349985
0.019571653865984973,0.019571653865984973,1.1885845210202364
0.02738049464616918,0.027380494646169175,1.4733940080644503
0.03830496350499245,0.03830496350499245,1.7851599776528695
0.05358815638942778,0.05358815638942778,2.085998908983981
0.07496914870688991,0.07496914870688991,2.3941117887856684
0.10488088481701517,0.10488088481701517,2.610054830348233
0.1467270229118804,0.1467270229118804,2.7870995288186577
0.20526923747968592,0.2052692374796859,2.9338040640357277
0.28716905052177694,0.28716905052177694,3.029885706333097
0.40174584652870826,0.40174584652870826,3.1052327496708974
0.562037325783577,0.562037325783577,3.1577422911314414
0.7862830650357,0.7862830650357,3.2041415848873704
1.1,1.1,3.2397290473980482
0.0,0.0,0.0
