pressure (bar),fugacity (bar),⟨N⟩ (mmol/g)
0.01,0.01,1.1281347144815903
0.013989872717785885,0.013989872717785887,1.397146448722301
0.019571653865984973,0.019571653865984973,1.6901084872338301
0.02738049464616918,0.027380494646169175,1.949696578354122
0.03830496350499245,0.03830496350499245,2.187022109392473
0.05358815638942778,0.05358815638942778,2.3871863120075743
0.07496914870688991,0.07496914870688991,2.5468140965475836
0.10488088481701517,0.10488088481701517,2.6715737746105765
0.1467270229118804,0.1467270229118804,2.7619500409033146
0.20526923747968592,0.2052692374796859,2.837143138109192
0.28716905052177694,0.28716905052177694,2.896778185949195
0.40174584652870826,0.40174584652870826,2.950447266670706
0.562037325783577,0.562037325783577,2.994141691458374
0.7862830650357,0.7862830650357,3.040147002125822
1.1,1.1,3.091646461941857
