MinStep,CellMinStep,AtomMinStep,FinalStep,Energy,EDiff,vol,lx,ly,lz,xy,xz,yz
1,0,0,0,2164.2393907183723059,47835.7606092816,1609.0818662290200791,12.505599999999999383,12.523400000000000531,10.27427899999999994,0,-0.22759399999999999076,0
2,308,308,308,2163.3224336858465904,0.916957032520259,1609.0818662290200791,12.505599999999999383,12.523400000000000531,10.27427899999999994,0,-0.22759399999999999076,0
3,337,337,337,2163.3161890226760988,0.00624466316958205,1609.0818662290200791,12.505599999999999383,12.523400000000000531,10.27427899999999994,0,-0.22759399999999999076,0
4,339,339,339,2163.3161890226779178,0,1609.0818662290200791,12.505599999999999383,12.523400000000000531,10.27427899999999994,0,-0.22759399999999999076,0
