MinStep,CellMinStep,AtomMinStep,FinalStep,Energy,EDiff
1,145,145,145,1587.702812452939952,48412.2971875471
2,8011,8011,8011,1579.0580534261496268,8.64475902678987
3,18016,18016,18016,1576.6559574952057119,2.40209593094005
4,24207,24207,24207,1576.0728092040187676,0.583148291190128
5,29586,29586,29586,1575.7626942760109614,0.310114928009853
6,33566,33566,33566,1575.6953773274010473,0.0673169486101415
7,38988,38988,38988,1575.6953773270795409,3.19914761348628e-10
