MinStep,CellMinStep,AtomMinStep,FinalStep,Energy,EDiff
1,1411,1411,1411,1966.1579392577782528,48033.8420607422
2,11416,11416,11416,1950.5817982155017489,15.5761410422801
3,16668,16668,16668,1949.4774463000319429,1.10435191547003
4,18938,18938,18938,1949.271160443662211,0.206285856369959
5,20822,20822,20822,1949.2711604436076414,5.00222085975111e-11
