pressure (bar),loading (mmol/g)
0.00503724,0.00209375
0.0080539,0.003584821428571
0.010067,0.004571428571429
0.0202209,0.009321428571429
0.0471295,0.022803571428572
0.0673991,0.032857142857143
0.0875576,0.042834821428572
0.107539,0.052991071428572
0.131993,0.064723214285714
0.157055,0.077075892857143
0.182019,0.088875
0.206984,0.10090625
0.25611,0.124236607142857
0.306093,0.147803571428571
0.356048,0.171263392857143
0.40616,0.194263392857143
0.45616,0.216986607142857
0.506074,0.239147321428571
0.556062,0.261691964285714
0.606086,0.283254464285714
0.656058,0.305325892857143
0.706075,0.32746875
0.756125,0.348736607142857
0.806175,0.368732142857143
0.856035,0.390504464285714
0.906158,0.411196428571429
0.956119,0.431803571428571
1.00152,0.450647321428571
0.987008,0.446598214285714
0.901739,0.413151785714286
0.79275,0.369540178571429
0.692543,0.329107142857143
0.59255,0.286772321428571
0.492565,0.246558035714286
0.392643,0.201763392857143
0.292574,0.1539375
0.192848,0.107973214285714
0.0928461,0.059602678571429
