pressure (bar),loading (mmol/g)
0.00503716,0.002441964285714
0.00805512,0.004330357142857
0.0100364,0.005580357142857
0.0200799,0.011897321428572
0.0468118,0.02928125
0.0672904,0.042549107142857
0.0871767,0.055558035714286
0.10734,0.068459821428572
0.131693,0.083897321428572
0.156602,0.099674107142857
0.181708,0.115334821428571
0.206716,0.130808035714286
0.255497,0.161004464285714
0.305497,0.191714285714286
0.355464,0.22184375
0.40547,0.251607142857143
0.455523,0.281022321428571
0.505494,0.309678571428571
0.555562,0.337959821428571
0.60564,0.366254464285714
0.655565,0.393830357142857
0.705567,0.421017857142857
0.755635,0.447441964285714
0.805649,0.47434375
0.855631,0.500415178571429
0.905632,0.52653125
0.955682,0.552044642857143
1.00101,0.575370535714286
0.987149,0.56884375
0.90252,0.527767857142857
0.793177,0.472267857142857
0.692769,0.418995535714286
0.592826,0.365227678571429
0.492999,0.309513392857143
0.392839,0.252183035714286
0.292907,0.192950892857143
0.1929,0.131535714285714
0.0931324,0.068589285714286
