pressure (bar),loading (mmol/g)
0.00500939,0.005428571428571
0.00802265,0.00896875
0.010037,0.011348214285714
0.0201934,0.023491071428572
0.0466437,0.056
0.0671377,0.080571428571429
0.0871193,0.105379464285714
0.106996,0.1285625
0.131558,0.15696875
0.156563,0.186620535714286
0.18159,0.21484375
0.206596,0.243772321428571
0.255774,0.298973214285714
0.305855,0.352973214285714
0.355778,0.407495535714286
0.405869,0.460629464285714
0.455946,0.511772321428571
0.506101,0.562022321428571
0.556027,0.610638392857143
0.606111,0.658513392857143
0.656204,0.705830357142857
0.706219,0.751638392857143
0.75625,0.796808035714286
0.806376,0.840482142857143
0.856418,0.881620535714286
0.906476,0.924174107142857
0.956352,0.965482142857143
1.00157,1.00258035714286
0.987834,0.992736607142857
0.893329,0.916794642857143
0.793443,0.83228125
0.693406,0.74678125
0.593418,0.656473214285714
0.49338,0.561321428571429
0.393344,0.461223214285714
0.293256,0.356928571428571
0.193346,0.246808035714286
0.0934542,0.131080357142857
