pressure (bar),loading (mmol/g)
0.00501947,0.048375
0.00802759,0.077508928571429
0.0100181,0.096486607142857
0.0200625,0.192875
0.0416323,0.3779375
0.0624725,0.538736607142857
0.08323,0.684013392857143
0.103599,0.814776785714286
0.127822,0.954392857142857
0.153132,1.08636607142857
0.178564,1.20569642857143
0.20394,1.31474553571429
0.251665,1.49345089285714
0.30223,1.65489732142857
0.352987,1.7940625
0.403572,1.91533035714286
0.454069,2.02322767857143
0.504475,2.11829464285714
0.554794,2.20564285714286
0.605054,2.28436607142857
0.655337,2.35591964285714
0.705432,2.42412053571429
0.755702,2.48360714285714
0.805753,2.54171875
0.855924,2.59637053571429
0.906118,2.64621875
0.956117,2.69658482142857
1.00133,2.73995089285714
0.98782,2.72890178571429
0.893606,2.64172767857143
0.793957,2.53941517857143
0.694209,2.42028571428571
0.594568,2.28343303571429
0.495047,2.12072767857143
0.395678,1.91853571428571
0.296722,1.66252678571429
0.198233,1.31683482142857
0.101005,0.826883928571429
