pressure (bar),loading (mmol/g)
0.00502765,0.033415178571429
0.00803259,0.054040178571429
0.0100924,0.068044642857143
0.0200684,0.13640625
0.0429683,0.281120535714286
0.0638735,0.403361607142857
0.0842662,0.515147321428571
0.104635,0.618214285714286
0.128775,0.73325
0.153949,0.842544642857143
0.179208,0.943790178571429
0.204425,1.03857589285714
0.252287,1.19903125
0.302669,1.34689732142857
0.353307,1.47845535714286
0.403847,1.59462053571429
0.454246,1.69732142857143
0.504597,1.7909375
0.554935,1.87591071428571
0.605157,1.95339285714286
0.655354,2.02441071428571
0.705546,2.09112053571429
0.755805,2.15194196428571
0.805894,2.20905357142857
0.856045,2.26180357142857
0.90617,2.312
0.956215,2.35954017857143
1.0015,2.40031696428571
0.987888,2.38916071428571
0.893819,2.30440178571429
0.794123,2.20118303571429
0.694403,2.08343303571429
0.594715,1.94674553571429
0.49511,1.78420535714286
0.395739,1.58930803571429
0.296433,1.34405357142857
0.197587,1.02982589285714
0.0993564,0.610620535714286
