pressure (bar),loading (mmol/g)
0.0050245,0.003919642857143
0.00804005,0.006477678571429
0.00999948,0.008151785714286
0.0202094,0.016102678571429
0.0464147,0.038214285714286
0.0667855,0.055325892857143
0.0870199,0.07221875
0.106886,0.088986607142857
0.131338,0.108834821428571
0.156293,0.129071428571429
0.18129,0.149098214285714
0.20631,0.169058035714286
0.254976,0.207388392857143
0.304919,0.24571875
0.35482,0.284272321428571
0.404846,0.321785714285714
0.454951,0.358709821428571
0.505057,0.39503125
0.555104,0.430334821428571
0.605256,0.465419642857143
0.655136,0.499991071428571
0.705183,0.533553571428571
0.755252,0.566683035714286
0.805286,0.599325892857143
0.855265,0.631522321428571
0.905392,0.663241071428571
0.955314,0.694558035714286
1.00055,0.722241071428572
0.987316,0.715665178571429
0.903464,0.66546875
0.793761,0.597821428571429
0.693291,0.533808035714286
0.5934,0.467441964285714
0.493379,0.399075892857143
0.393454,0.327669642857143
0.293328,0.253017857142857
0.193514,0.175625
0.0935823,0.095258928571429
