MinStep,CellMinStep,AtomMinStep,FinalStep,Energy,EDiff
1,599,599,599,1686.9111206737895827,48313.0888793262
2,5958,5958,5958,1685.5215234752995457,1.38959719849004
3,10137,10137,10137,1685.2809757833833828,0.240547691920028
4,13950,13950,13950,1685.0018714172276759,0.279104366150023
5,17170,17170,17170,1684.8113720212516,0.190499395979941
6,21420,21420,21420,1684.6656902853871998,0.14568173586008
7,24613,24613,24613,1684.56652160321255,0.0991686821798794
8,28067,28067,28067,1684.5665216030679403,1.40062184073031e-10
