MinStep,CellMinStep,AtomMinStep,FinalStep,Energy,EDiff,vol,lx,ly,lz,xy,xz,yz
1,0,0,0,2013.5375824163786547,47986.4624175836,1609.0818662290200791,12.505599999999999383,12.523400000000000531,10.27427899999999994,0,-0.22759399999999999076,0
2,199,199,199,2012.8031748152204727,0.734407601160001,1609.0818662290200791,12.505599999999999383,12.523400000000000531,10.27427899999999994,0,-0.22759399999999999076,0
3,215,215,215,2012.7853261342477253,0.0178486809700189,1609.0818662290200791,12.505599999999999383,12.523400000000000531,10.27427899999999994,0,-0.22759399999999999076,0
4,218,218,218,2012.7791137841525142,0.006212350099986,1609.0818662290200791,12.505599999999999383,12.523400000000000531,10.27427899999999994,0,-0.22759399999999999076,0
5,220,220,220,2012.776103937077778,0.00300984706996132,1609.0818662290200791,12.505599999999999383,12.523400000000000531,10.27427899999999994,0,-0.22759399999999999076,0
6,222,222,222,2012.7761039370791423,0,1609.0818662290200791,12.505599999999999383,12.523400000000000531,10.27427899999999994,0,-0.22759399999999999076,0
