MinStep,CellMinStep,AtomMinStep,FinalStep,Energy,EDiff
1,231,231,231,1689.2241862339817544,48310.775813766
2,3632,3632,3632,1688.7026463099143712,0.521539924069884
3,5328,5328,5328,1688.6079049110223878,0.0947413988901644
4,6641,6641,6641,1688.5519217938499423,0.0559831171699443
5,7972,7972,7972,1688.5400296844861714,0.0118921093599056
6,9076,9076,9076,1688.54002968435816,1.30057742353529e-10
